Country Name,Country Code,Series Name,Series Code,1998 [YR1998],1999 [YR1999],2000 [YR2000],2001 [YR2001],2002 [YR2002],2003 [YR2003],2004 [YR2004],2005 [YR2005],2006 [YR2006],2007 [YR2007],2008 [YR2008],2009 [YR2009],2010 [YR2010],2011 [YR2011],2012 [YR2012],2013 [YR2013],2014 [YR2014],2015 [YR2015],2016 [YR2016],2017 [YR2017],2018 [YR2018],2019 [YR2019],2020 [YR2020],2021 [YR2021],2022 [YR2022]
United Kingdom,GBR,Renewable energy consumption (% of total final energy consumption),EG.FEC.RNEW.ZS,1.03,0.95,0.96,0.85,0.97,0.93,1.14,1.35,1.55,1.84,2.4,2.92,3.13,3.94,4.15,5.18,6.53,7.71,7.68,8.81,10.09,11.39,13.5,..,..
United States,USA,Renewable energy consumption (% of total final energy consumption),EG.FEC.RNEW.ZS,4.53,5.71,5.43,4.68,4.84,5.33,5.48,5.84,6.4,6.3,6.85,7.35,7.44,8.36,8.73,9.08,9.22,9.03,9.46,9.92,10.12,10.42,11.16,..,..
Singapore,SGP,Renewable energy consumption (% of total final energy consumption),EG.FEC.RNEW.ZS,0.43,0.43,0.33,0.6,0.58,0.58,0.53,0.54,0.52,0.5,0.53,0.48,0.47,0.48,0.51,0.56,0.59,0.65,0.71,0.7,0.78,0.89,0.92,..,..
Malaysia,MYS,Renewable energy consumption (% of total final energy consumption),EG.FEC.RNEW.ZS,4.58,4.92,4.44,4.26,3.57,3.33,3.22,3.01,3.13,2.85,3.04,2.27,1.96,2.16,2.52,2.75,3.03,3.41,4.43,5.22,5.31,5.59,5.84,..,..
Italy,ITA,Renewable energy consumption (% of total final energy consumption),EG.FEC.RNEW.ZS,4.76,5.02,5.12,5.38,5.6,6.24,5.94,6.7,7.51,8.73,10.82,12.54,12.79,11.9,14.39,16.32,17.13,16.57,16.09,16.43,17.08,17.27,18.69,..,..
Brazil,BRA,Renewable energy consumption (% of total final energy consumption),EG.FEC.RNEW.ZS,43.79,43.98,42.66,41.33,42.85,45.11,45.18,46.13,46.67,47.19,47.04,48.92,46.81,45.26,43.49,42.32,41.71,43.62,45.46,45.33,46.95,47.58,50.05,..,..
Austria,AUT,Renewable energy consumption (% of total final energy consumption),EG.FEC.RNEW.ZS,24.46,26.49,26.43,25.53,24.68,22.56,23.17,24.41,26.64,28.99,29.68,31.31,31.15,31.64,34.37,34.58,35.67,34.82,34.63,33.97,34.08,33.98,35.77,..,..
India,IND,Renewable energy consumption (% of total final energy consumption),EG.FEC.RNEW.ZS,47.95,47.11,46.88,47.11,45.75,45.63,44.92,44.16,43.16,41.54,39.38,37.41,36.16,35.01,34.75,34.86,33.85,33.4,33.01,32.57,32.73,33.27,35.82,..,..
China,CHN,Renewable energy consumption (% of total final energy consumption),EG.FEC.RNEW.ZS,29.53,30.29,29.63,28.36,27,23.86,20.17,17.44,16.39,14.88,14.14,13.43,12.26,11.34,11.53,11.47,11.91,12.18,12.6,13.14,13.55,14.33,14.81,..,..
,,,,,,,,,,,,,,,,,,,,,,,,,,,,
,,,,,,,,,,,,,,,,,,,,,,,,,,,,
,,,,,,,,,,,,,,,,,,,,,,,,,,,,
Data from database: World Development Indicators,,,,,,,,,,,,,,,,,,,,,,,,,,,,
Last Updated: 10/26/2023,,,,,,,,,,,,,,,,,,,,,,,,,,,,
Code,License Type,Indicator Name,Long definition,Source,Topic,Periodicity,Aggregation method,License URL
EG.FEC.RNEW.ZS,CC BY-4.0,Renewable energy consumption (% of total final energy consumption),Renewable energy consumption is the share of renewables energy in total final energy consumption.,"IEA, IRENA, UNSD, World Bank, WHO. 2023. Tracking SDG 7: The Energy Progress Report. World Bank, Washington DC. � World Bank. License: Creative Commons Attribution�NonCommercial 3.0 IGO (CC BY-NC 3.0 IGO).",Environment: Energy production & use,Annual,Weighted average,https://datacatalog.worldbank.org/public-licenses#cc-by
